,user_id,hash_tag_id,hashtag,owner_id,timestamps,owner_username,post,content,business_category,business_account,following,followers,like,comment
0,B5umuJUJLcI,2192860365440988936,"['Follow', '@shugvin.india']",23584499323,1575629347,shugvin.india,82,"['â¡ï¸Take the screenshot of the product', 'â¡ï¸Send me ', 'â¡ï¸Pay online', 'â¡ï¸Send me your details', 'â¡ï¸Parcel will be delivered to you']",Personal Goods & General Merchandise Stores,True,1,11,5,0
1,B5umlHkpHSK,2192859745095021706,"['Follow', '@shugvin.india']",23584499323,1575629274,shugvin.india,82,"['â¡ï¸Take the screenshot of the product', 'â¡ï¸Send me ', 'â¡ï¸Pay online', 'â¡ï¸Send me your details', 'â¡ï¸Parcel will be delivered to you']",Personal Goods & General Merchandise Stores,True,1,11,1,0
2,B5umeUWJiBi,2192859277774168162,"['Follow', '@shugvin.india']",23584499323,1575629218,shugvin.india,82,"['â¡ï¸Take the screenshot of the product', 'â¡ï¸Send me ', 'â¡ï¸Pay online', 'â¡ï¸Send me your details', 'â¡ï¸Parcel will be delivered to you']",Personal Goods & General Merchandise Stores,True,1,11,1,0
3,B5umEaWF0gT,2192857497509251091,"['#shoppingonline', '#onlineshopping', '#sareesofinstagram', '#sareeshopping', '#sareelovers', '#sareedraping', '#shoppingindia', '#sarees', '#ethnicwear', '#indiantraditionalwear', '#indiantradition', '#sareelovers', '#partywears', '#designersarees', '#shoppingindia', '#shopwithus', '#trustedseller', '#trusted_seller', '#shopathome', '#onlineseller', '#indianshoppers', '#vastrajaalakam', '#trustedseller', '#onlineboutique', '#womensclothing', '#indianwear', '#onlineseller', '#whatyouseeiswhatyouget', '#boutiquequality', '#boutiqueshopping', '#boutiqueclothing', '#bestquality', '#bestprice', '#qualityassured']",8058266183,1575629006,vastrajaalakam,1830,"['ğŸ’° Paytm/Gpay/BANK TRANS', 'WhatsApp - +916362173056 ', 'ğŸšš Delivery 3-10 working days', 'ğŸ’¯% Quality Assured', 'Follow @allthatglittersjewel for jewellery update']",Personal Goods & General Merchandise Stores,True,22,985,0,0
4,B5umDk-FzKZ,2192857440198275737,['#handbag#sling#slingbag#bags#slingbags#smiliebags#bagsforkids#kidsbag#handbags#indianshop#indiaonlineshopping#shopping#shoppingindia#onlinestore#onlinebagstore#quirkybags#quirky#flamingotoxic#backpackforwomen#backpack#cutebackpack#collegebags'],6344493590,1575628999,flamingotoxic,232,"['Enter the cutest toxic galaxy. ', 'Dm for order/enquiries/collaboration', 'We deliver across india']",Food & Personal Goods,True,3758,918,5,0
5,B5ulioKlIJH,2192855175886307911,"['#shoppingonline', '#onlineshopping', '#sareesofinstagram', '#sareeshopping', '#sareelovers', '#sareedraping', '#shoppingindia', '#sarees', '#ethnicwear', '#indiantraditionalwear', '#indiantradition', '#sareelovers', '#partywears', '#designersarees', '#shoppingindia', '#shopwithus', '#trustedseller', '#trusted_seller', '#shopathome', '#onlineseller', '#indianshoppers', '#vastrajaalakam', '#trustedseller', '#onlineboutique', '#womensclothing', '#indianwear', '#onlineseller', '#whatyouseeiswhatyouget', '#boutiquequality', '#boutiqueshopping', '#boutiqueclothing', '#bestquality', '#bestprice', '#qualityassured', '#onlineseller', '#indianshoppers', '#vastrajaalakam']",8058266183,1575628729,vastrajaalakam,1830,"['ğŸ’° Paytm/Gpay/BANK TRANS', 'WhatsApp - +916362173056 ', 'ğŸšš Delivery 3-10 working days', 'ğŸ’¯% Quality Assured', 'Follow @allthatglittersjewel for jewellery update']",Personal Goods & General Merchandise Stores,True,22,985,0,0
6,B5uhRM7HfEU,2192836386218701076,"['#onlineshopping', '#india', '#shoppingindia', '#fashioninspiration']",9190255704,1575626489,fashionnauthenticmakeup,780,"['Creating style statement', 'Make Up-ORIGINAL high end,imported frm US', 'Apparel/Accessories-Non branded,imported on order ', 'Serving frm #indiağŸ‡®ğŸ‡³', 'DM/WhatsApp']",Personal Goods & General Merchandise Stores,True,224,2750,23,0
7,B5ugjVEFnL-,2192833233863209726,"['#birthdaygift', '#anniversarygift', '#indiaonlineshopping', '#shoppingindia', '#india', '#gujarat', '#surat', '#mumbai', '#delhi', '#baroda#bharuch', '#punjab', '#pune', '#rajkot', '#chennai', '#wholesale', '#bollywood', '#mensfashion', '#nike', '#sexy', '#fashion', '#shoes', '#shoesaddict', '#shoestyle', '#shoesğŸ‘Ÿ', '#shoelovers', '#shoeshopping', '#shoesoftheday', '#shoestagram']",3576615866,1575626113,the_wardrobe07,747,"['Cash On Delivery Available (200â‚¹ Extra)', '7A High Quality Product In Lowest Price', 'Customer Care No.7016155070', '@the_wardrobe07']",Personal Goods & General Merchandise Stores,True,3370,1139,2,0
8,B5uccdWJg7H,2192815169533775559,"['#jaipurkurti', '#shoppingindia', '#onlineshopping', '#worldwidedelivery', '#shoptillyoudrop', '#weekend', '#orderonline', '#wardrobestyling', '#wardrobeessentials', '#closetgoals', '#clothing', '#fashion', '#fashionista', '#fashionblogger', '#Classic', '#lookpretty', '#shoppingspree', '#shoppingisfun', '#keepshopping', '#shophappiness', '#dresses', '#wardrobegoals', '#closet', '#stylediva', '#prettycolours']",3672969511,1575623960,jaipurkurti,1535,"['A blend of culture & ethnicity.', '`', 'â€¢Worldwide shipping', 'â€¢Manufacturer & Wholesaler of ethnic wear', 'ğŸ“§ info@jaipurkurti.com']",Personal Goods & General Merchandise Stores,True,2,10597,3,0
9,B5uYOo5nLXU,2192796627681195476,"['I', 'managed', 'to', 'capture', 'white', 'woman', 'at', 'Pushkar', 'marketğŸ˜‚ğŸ˜‚ğŸ˜‚Rachel', 'almost', 'perfect', 'blend', 'inğŸ˜‚', 'â™¥ï¸ğŸ˜˜']",18106659607,1575621749,followingmari,174,"['ğŸŒ Passionate traveller who wants to inspire you to explore the world \U0001f9edğŸ—½ğŸ–ğŸğŸ•ğŸ›ğŸ', 'â™¥ï¸ open your heart & mind to travel and expand ğŸ¤—']",,False,109,66,6,1
10,B5uTYVspJyI,2192775304024726664,"['#jaipurkurti', '#shoppingindia', '#onlineshopping', '#worldwidedelivery', '#shoptillyoudrop', '#weekend', '#orderonline', '#wardrobestyling', '#wardrobeessentials', '#closetgoals', '#clothing', '#fashion', '#fashionista', '#fashionblogger', '#Classic', '#lookpretty', '#shoppingspree', '#shoppingisfun', '#keepshopping', '#shophappiness', '#dresses', '#wardrobegoals', '#closet', '#stylediva', '#prettycolours']",3672969511,1575619207,jaipurkurti,1535,"['A blend of culture & ethnicity.', '`', 'â€¢Worldwide shipping', 'â€¢Manufacturer & Wholesaler of ethnic wear', 'ğŸ“§ info@jaipurkurti.com']",Personal Goods & General Merchandise Stores,True,2,10597,8,0
11,B5uKfZIgXxV,2192736206331149397,"['Easy', 'Returns', 'Available', 'In', 'case', 'Of', 'Any', 'Issue#shopping#shoppingindia#sarees#khadhicotton#mulmulcotton']",25610963864,1575614547,prathish_boutique,4,"['Cod available', 'Return available', 'Low cost Kurtis available here ', 'Have a happy life', 'Make others also happy']",Personal Goods & General Merchandise Stores,True,4,1,1,0
12,B5uE08YD_IT,2192711299003052563,"['#fashion', '#fashionblogger', '#fashionista', '#fashionnova', '#shopping', '#shoppingonline', '#shoppingaddict', '#indiashopping', '#indiashoppingonline', '#shoppingindia', '#clothing', '#indiandresses', '#indiandress', '#dresses', '#indianwedding', '#dresses', '#dress', '#dressup', '#lehngacholi']",9162621629,1575611577,find__wow,384,"[""Come join us and let's walk together on the road of #fashion to look WoW ğŸ˜"", 'Shipping all over India!', 'Follow for updates â˜ºï¸', '@mihir_blessed ', '#mumbai']",Personal Goods & General Merchandise Stores,True,16,328,7,0
13,B5uCiYzFNiH,2192701227758049415,"['#birthdaygift', '#anniversarygift', '#indiaonlineshopping', '#shoppingindia', '#india', '#gujarat', '#surat', '#mumbai', '#delhi', '#baroda#bharuch', '#punjab', '#pune', '#rajkot', '#chennai', '#wholesale', '#bollywood', '#mensfashion', '#nike', '#sexy', '#fashion', '#shoes', '#shoesaddict', '#shoestyle', '#shoesğŸ‘Ÿ', '#shoelovers', '#shoeshopping', '#shoesoftheday', '#shoestagram']",3576615866,1575610377,the_wardrobe07,747,"['Cash On Delivery Available (200â‚¹ Extra)', '7A High Quality Product In Lowest Price', 'Customer Care No.7016155070', '@the_wardrobe07']",Personal Goods & General Merchandise Stores,True,3370,1139,6,0
14,B5t_6B-gqHO,2192689658381640142,"[""ğŸ˜Women's"", 'Summer', 'Loose', 'Sleeveless', 'T', 'Shirt', 'Vest', 'Casual', 'Streetwear', 'Harajuku', 'buy', 'now', 'for', 'Rs', '1200', 'only.', 'Free', 'ShippiShop', 'now!', '\U0001f973', '#women', '#summer', '#tshirt', '#harajuku', '#shoppofest', '#shoppingindia', '#onlineshoppingstore']",25136080047,1575608998,shoppofest,14,['EVERYDAY NEW DISCOUNTS AND SALE STOREWIDE. 100% Customer Satisfaction   @shoppofest'],Personal Goods & General Merchandise Stores,True,88,49,1,0
15,B5t-1H2FSA2,2192684923038801974,"['Follow', 'ğŸ‘‰@ganesh__couture']",8457998736,1575608433,ganesh__couture,630,"['NO COD/RETURN/EXCHANGE/REFUND', 'ONLINE PAYMENT ONLY', 'Resellers most welcome ', 'For Order and REGULAR UPDATES Whatsapp on 8154893195']",Personal Goods & General Merchandise Stores,True,1121,1106,0,0
16,B5t4Q5mFNvP,2192656045557734351,"['#sareeusa', '#sareecanada', '#sareeaustralia', '#sareeswag', '#textiles', '#sareelover', '#southindiansarees', '#keepcalmandsareeon', '#kanjeevaram', '#saree_love', '#sareeaddict', '#weavesofindia', '#sareemalaysiaonline', '#sareeonline', '#onlinesaree', '#onlinesarees', '#onlinesareeshopping', '#sareeshoppingonline', '#sareesonline', '', '#shoppingindia', '#sareesofindia', '#saree', '#sareesale', '#sarees']",10686240945,1575604991,ethikcollection_store,604,"['Nothing Makes A Woman Look More Beautiful Like A Saree Does!', 'ğŸ˜²Free shipping', 'ğŸ‘Customer Review', 'ğŸ‘€ Story For New Update', 'ğŸššCOD', 'ğŸ“±+9182004309', 'ğŸ‘‡Inquiry']",Personal Goods & General Merchandise Stores,True,4148,981,23,0
17,B5t2-kcAy9U,2192650387843133268,"['ğŸ“²ğŸ“²ğŸ“²ğŸ“²ğŸ“²ğŸ“²ğŸ“²ğŸ“²ğŸ“²ğŸ“²', '#onlineshoppingindia', '#shoppingindia', '#womensindia', '#onlineshopping', '#shoppingonline', '#shopping', '#dressindia', '#indiadress', '#indiangirls', '#dress#kurtis', '#indiashopping', '#indiashop', '#fashionindia', '#kurtisindia', '#womenwearindia', '#onlineshopping', '#onlineshoppingindiağŸ˜ğŸ˜', '#onlineshoppingindia', '#tamilnadushopping', '#tamilnadushoppingğŸ‚', '#tamilnaduonlineshopping', '#tamilnadufashion', '#chettinadcottonsarees', '#chettinaducottonsareesonline']",16139550908,1575604316,jeshilastockpiles,835,"['Rare Ã§Ã¶llÃ¨Ã§tÃ¯Ã´Ã±sğŸ˜.    ğŸ’¸ğŸ’¸WÃ¶W PriceğŸ’¸ğŸ’¸', '  Best QualityğŸ’¯ğŸ’¯.       ğŸ“²8072998714ğŸ“²']",,False,368,1123,2,0
18,B5tiQ-ZBWMd,2192559293684081437,"['#sareeofinstagram', '#womensfashion', '#weavesofindia', '#sareegram']",15725226995,1575593457,onlineshopping_piuscollection,34,"['#whatsapp ğŸ“²6290346409', '#freedelivery', '#freeshipping', ' #refund #cod #return', '#Womensfashion #India #womenswear ', ' #wholesaleclothing #wholesale', '#buynow ğŸ‘‡']",Personal Goods & General Merchandise Stores,True,416,55,3,0
19,B5tTUeagS7b,2192493563529473755,"['#kurtisconner', '#kurtilover', '#kurtidress', '#kurtiplazo', '#kurtiindia']",19208962324,1575585621,womenswear_piuscollection,87,"['#womenswear', '#womenscollection #onlineshopping', '#freeshipping', '#freedelivery ', '#cod#return #refund', '#wholesaleclothing #wholesale', '#wholesaler', '#buynow ğŸ‘‡']",Personal Goods & General Merchandise Stores,True,144,27,2,0
20,B5tFJCHBzjn,2192431204572543207,"['#womenswear', '', '#ethnicwear', '#onlineshopping']",15725226995,1575578188,onlineshopping_piuscollection,34,"['#whatsapp ğŸ“²6290346409', '#freedelivery', '#freeshipping', ' #refund #cod #return', '#Womensfashion #India #womenswear ', ' #wholesaleclothing #wholesale', '#buynow ğŸ‘‡']",Personal Goods & General Merchandise Stores,True,416,55,0,0
21,B5s75ill5cA,2192390557514831616,['#furry#fur#gloves#handgloves#womengloves#furrygloves#cute#cutegloves#winter#wintergloves#winterfashion#winteraccessories#accessories#furr#cuteglove#womenfashion#india#onlinestore#storeindia#onlinestoreindia#shoppingindia#order#flamingotoxic'],6344493590,1575573342,flamingotoxic,232,"['Enter the cutest toxic galaxy. ', 'Dm for order/enquiries/collaboration', 'We deliver across india']",Food & Personal Goods,True,3759,918,33,2
22,B5s6o7xloDG,2192385018282016966,['#furry#furr#fur#furbag#furrybag#furrybags#cutebags#quirkybags#bags#hangbags#slingbag#slingbags#kidsofinstagram#kidsbag#kidsslingbag#indianstore#winterbag#winterbags#indiastore#shoppingindia#flamingotoxic'],6344493590,1575572682,flamingotoxic,232,"['Enter the cutest toxic galaxy. ', 'Dm for order/enquiries/collaboration', 'We deliver across india']",Food & Personal Goods,True,3759,918,23,0
23,B5s5uzyFHs-,2192381023970687806,['#furry#fur#gloves#handgloves#womengloves#furrygloves#cute#cutegloves#winter#wintergloves#winterfashion#winteraccessories#accessories#furr#cuteglove#womenfashion#india#onlinestore#storeindia#onlinestoreindia#shoppingindia#order#flamingotoxic'],6344493590,1575572206,flamingotoxic,232,"['Enter the cutest toxic galaxy. ', 'Dm for order/enquiries/collaboration', 'We deliver across india']",Food & Personal Goods,True,3759,918,36,4
24,B5sz6aZgMJ2,2192355433069462134,"['#onlineshopping', '#onlineshop', '#onlinestore', '#freeshipping', '#freedelivery', '#refund', '#return', '#Cod', '#ethnicollection', '#ethnicfashion', '#ethnicwear', '#kurtis', '#palazopants', '#kurtipalazzo']",19208962324,1575569155,womenswear_piuscollection,87,"['#womenswear', '#womenscollection #onlineshopping', '#freeshipping', '#freedelivery ', '#cod#return #refund', '#wholesaleclothing #wholesale', '#wholesaler', '#buynow ğŸ‘‡']",Personal Goods & General Merchandise Stores,True,144,27,1,0
25,B5szmJypOrv,2192354040848116463,"['Follow', '@shugvin.india']",23584499323,1575568989,shugvin.india,82,"['â¡ï¸Take the screenshot of the product', 'â¡ï¸Send me ', 'â¡ï¸Pay online', 'â¡ï¸Send me your details', 'â¡ï¸Parcel will be delivered to you']",Personal Goods & General Merchandise Stores,True,1,11,4,0
26,B5sx955AR2r,2192346876949372331,"['#shoppingindia', '#shoppingonline', '#indiaonlineshopping', '#onlineshopping', '#onlineshoppingindia', '#onlineshop', '#onlinestore', '#trendycollection', '#trendylook', '#style']",19208962324,1575568135,womenswear_piuscollection,87,"['#womenswear', '#womenscollection #onlineshopping', '#freeshipping', '#freedelivery ', '#cod#return #refund', '#wholesaleclothing #wholesale', '#wholesaler', '#buynow ğŸ‘‡']",Personal Goods & General Merchandise Stores,True,144,27,0,0
27,B5sqEeSh7SO,2192312143977100430,"['#gown', '#fashion', '#shoppingindia', '#freeshipping', '#styleslook', '#womensfashion', '#latestfashion', '#indianlook', '#westernstyle', '#beautiful', '#ordernow', '#massageforprice', '#lowestprice']",12103206315,1575563994,smartshopping46,44,"['Best palace for buyers all over India', 'Good quality products', 'COD available', 'Delivery (3-4) days', 'Good price', '#wholesaleCompany', '#seller']",,False,44,39,1,0
28,B5snxnHltWw,2192302051694138800,"['#designersareeshyderabad', '#trendykurti', '#kurtiset', '#kurtisonline', '#onlineshopping', '#indianwears', '#ethnicwear', '#loveforethenic', '#kurtiscorner', '#designerkurtis', '#selfiekurti', '#indiandress', '#indowestern', '#indiandress', '#ethnicsuit', '#indianattire', '#karwachauth', '#shoppingindia', '#designersareesmumbai', '#designersareeskerala', '#designerkurti', '#designersareeskolkata', '#designerclothes', '#iwearhandloom', '#nabtrends', '#nabtrenddresess', '#nabtrendshopping', '#usasarees', '#sareesshoppingonline', '#ranveerdeepika', '#deepveer']",22094411170,1575562791,noosh.beautiful_you,280,"['â¡ï¸Co a/c - @shringar_by.noosh', 'â¡ï¸COD Available', 'â¡ï¸Paytm/Paypal/bank trnsfr/google pay avlbe', 'â¡ï¸Easy returns/Exchnge', 'â¡ï¸Unboxing video required for returns']",Personal Goods & General Merchandise Stores,True,1941,903,30,0
29,B5snEofFEuP,2192298960785525647,"['#birthdaygift', '#anniversarygift', '#indiaonlineshopping', '#shoppingindia', '#india', '#gujarat', '#surat', '#mumbai', '#delhi', '#baroda#bharuch', '#punjab', '#pune', '#rajkot', '#chennai', '#wholesale', '#bollywood', '#mensfashion', '#nike', '#sexy', '#fashion', '#shoes', '#shoesaddict', '#shoestyle', '#shoesğŸ‘Ÿ', '#shoelovers', '#shoeshopping', '#shoesoftheday', '#shoestagram']",3576615866,1575562423,the_wardrobe07,747,"['Cash On Delivery Available (200â‚¹ Extra)', '7A High Quality Product In Lowest Price', 'Customer Care No.7016155070', '@the_wardrobe07']",Personal Goods & General Merchandise Stores,True,3370,1139,19,0
30,B5sjhXSp8yL,2192283343002258571,"['#jaipurkurti', '#shoppingindia', '#onlineshopping', '#worldwidedelivery', '#shoptillyoudrop', '#weekend', '#orderonline', '#wardrobestyling', '#wardrobeessentials', '#closetgoals', '#clothing', '#fashion', '#fashionista', '#fashionblogger', '#Classic', '#lookpretty', '#shoppingspree', '#shoppingisfun', '#keepshopping', '#shophappiness', '#dresses', '#wardrobegoals', '#closet', '#stylediva', '#prettycolours']",3672969511,1575560561,jaipurkurti,1535,"['A blend of culture & ethnicity.', '`', 'â€¢Worldwide shipping', 'â€¢Manufacturer & Wholesaler of ethnic wear', 'ğŸ“§ info@jaipurkurti.com']",Personal Goods & General Merchandise Stores,True,2,10597,17,0
31,B5shixmgpnP,2192274643879107023,"['#4dcovers', '#4dcase']",24796703246,1575559524,covers_and_case_store,45,"['attractive prices for resellersğŸ’¯', 'ğŸ‘‰3D case 199rs free shipping', 'ğŸ‘‰4D case 299rs free shipping', 'Delivery all overs India ğŸ‡®ğŸ‡³']",,False,467,276,16,0
32,B5shcAaAHn3,2192274178739042807,"['#4dcovers', '#4dcase']",24796703246,1575559490,covers_and_case_store,45,"['attractive prices for resellersğŸ’¯', 'ğŸ‘‰3D case 199rs free shipping', 'ğŸ‘‰4D case 299rs free shipping', 'Delivery all overs India ğŸ‡®ğŸ‡³']",,False,467,276,14,0
33,B5shXcjgPm8,2192273865365846460,"['#4dcovers', '#4dcase']",24796703246,1575559459,covers_and_case_store,45,"['attractive prices for resellersğŸ’¯', 'ğŸ‘‰3D case 199rs free shipping', 'ğŸ‘‰4D case 299rs free shipping', 'Delivery all overs India ğŸ‡®ğŸ‡³']",,False,467,276,16,0
34,B5shQp5lbl4,2192273398658611576,"['#4dcovers', '#4dcase']",10504741276,1575559376,4d_case_stores,55,"['Any photo on any back covers', '500+models available', 'ğŸ™resellers welcome ğŸ™']",Personal Goods & General Merchandise Stores,True,724,293,2,0
35,B5shKYhFXXU,2192272967677081044,"['#4dcovers', '#4dcase']",10504741276,1575559324,4d_case_stores,55,"['Any photo on any back covers', '500+models available', 'ğŸ™resellers welcome ğŸ™']",Personal Goods & General Merchandise Stores,True,724,293,12,0
36,B5shHwMFAdN,2192272786936039245,"['#4dcovers', '#4dcase']",10504741276,1575559303,4d_case_stores,55,"['Any photo on any back covers', '500+models available', 'ğŸ™resellers welcome ğŸ™']",Personal Goods & General Merchandise Stores,True,724,293,19,0
37,B5shGSrFIJX,2192272686524432983,"['#4dcovers', '#4dcase']",10504741276,1575559291,4d_case_stores,55,"['Any photo on any back covers', '500+models available', 'ğŸ™resellers welcome ğŸ™']",Personal Goods & General Merchandise Stores,True,724,293,15,0
38,B5shEGVly1J,2192272535840042313,"['#4dcovers', '#4dcase']",10504741276,1575559273,4d_case_stores,55,"['Any photo on any back covers', '500+models available', 'ğŸ™resellers welcome ğŸ™']",Personal Goods & General Merchandise Stores,True,724,293,11,0
39,B5shB0jluJF,2192272379308597829,"['#4dcovers', '#4dcase']",10504741276,1575559254,4d_case_stores,55,"['Any photo on any back covers', '500+models available', 'ğŸ™resellers welcome ğŸ™']",Personal Goods & General Merchandise Stores,True,724,293,11,0
40,B5sg_Bhl4Ya,2192272187075298842,"['#4dcovers', '#4dcase']",10504741276,1575559231,4d_case_stores,55,"['Any photo on any back covers', '500+models available', 'ğŸ™resellers welcome ğŸ™']",Personal Goods & General Merchandise Stores,True,724,293,14,0
41,B5sdhqBp0if,2192256974839040159,"['#bollyshake', '#chutiyapa', '#masti', '#menshoes', '#casualshoes', '#cashondelivery', '#freedelivery', '#onlineshoppinginindia', '#shoppingindia', '#supreme', '#superdry', '#onlineshoppinginindia', '#onlineshopping', '', '#gujarat', '#delhi', '#ahmedabad', '#india', '#jaipur', '#kanpur', '#surat', '#kerala']",9380190311,1575557418,little.barrel,349,"[""Online Shoppe for Men's, Women's Apparels and  accessories."", 'COD Available', ' Easy Return', 'Click the link to visit online Store', 'ğŸ‘‡ğŸ‘‡ğŸ‘‡ğŸ‘‡ğŸ‘‡']",Personal Goods & General Merchandise Stores,True,7485,10005,174,0
42,B5sdBOSBian,2192254746025666215,"['#onlineshopping', '#shoppingindia', '#shoppingonline', '#sareeonlineshopping', '#sareeonline', '#fashion', '#fashioncollection', '#buyonline', '#onlineshop', '#onlineshoppingindia', '#shopping', '#shoppingonline', '#instasarees', '#instashop', '#instastore', '#instashopping', '', '#sareeindia']",15725226995,1575557152,onlineshopping_piuscollection,34,"['#whatsapp ğŸ“²6290346409', '#freedelivery', '#freeshipping', ' #refund #cod #return', '#Womensfashion #India #womenswear ', ' #wholesaleclothing #wholesale', '#buynow ğŸ‘‡']",Personal Goods & General Merchandise Stores,True,416,55,0,0
43,B5scVHmljDj,2192251715197481187,"['For', 'prices', 'ping', 'me', 'personally', 'ğŸ™ğŸ»ğŸ™ğŸ»ğŸ™ğŸ»ğŸ™ğŸ»', '#kurta', '#kurtastyle', '#kurtapajama', '#kurtas', '#kurti', '#kurtis', '#kurtilover', '#kurtilover', '#designerkurti', '#kurtidresse', '#india', '#indiangirl', '#girlsindian', '#indianshopping', '#indiashop', '#shopindia', '#shoppingindia', '#shoppingdelhi', '#shopingonline', '#onlineindia', '#indiaonline', '#indianwedding', '#indiangirl', '#indianwomen', '#indianwomenwear#onlineshopping', '#onlineshop', '#online', '#shoplocal', '#shopping', '#shopsmall', '#indiaonlineshopping']",1553180530,1575556791,ritikasbusiness,1304,"['ğŸ’Best quality ğŸ’¯ Lowest Price ğŸ’', 'ğŸ’Genuine Products ğŸ’', 'ğŸ’Exchange Available ğŸ’', 'ğŸ’ actual pictures available ğŸ’', 'ğŸ’ Worldwide Shipping ğŸ’']",Personal Goods & General Merchandise Stores,True,265,567,2,0
44,B5scQkgle5p,2192251402637930089,"['For', 'prices', 'ping', 'me', 'personally', 'ğŸ™ğŸ»ğŸ™ğŸ»ğŸ™ğŸ»ğŸ™ğŸ»', '#kurta', '#kurtastyle', '#kurtapajama', '#kurtas', '#kurti', '#kurtis', '#kurtilover', '#kurtilover', '#designerkurti', '#kurtidresse', '#india', '#indiangirl', '#girlsindian', '#indianshopping', '#indiashop', '#shopindia', '#shoppingindia', '#shoppingdelhi', '#shopingonline', '#onlineindia', '#indiaonline', '#indianwedding', '#indiangirl', '#indianwomen', '#indianwomenwear#onlineshopping', '#onlineshop', '#online', '#shoplocal', '#shopping', '#shopsmall', '#indiaonlineshopping']",1553180530,1575556753,ritikasbusiness,1304,"['ğŸ’Best quality ğŸ’¯ Lowest Price ğŸ’', 'ğŸ’Genuine Products ğŸ’', 'ğŸ’Exchange Available ğŸ’', 'ğŸ’ actual pictures available ğŸ’', 'ğŸ’ Worldwide Shipping ğŸ’']",Personal Goods & General Merchandise Stores,True,265,567,3,0
45,B5sasHrBZ3E,2192244499726835140,"['#jewelrygram', '#women', '#jewellerygifts#jewelryforwomen', '#weddingaccesories', '#weddingjewellery', '#earrings', '#lowestprice', '#shoppingonline', '#shoppingonlinemurah', '#shoppingindia', '#jewelleryindia', '#indianjewelry', '#collegewear', '#trendingjewellery', '#instajewelry']",16245331271,1575555931,jimmikikamal,363,"['Online shopping', 'We deals in latest fashion jewellery pieces ', 'We have unique types', 'DM for details and order', 'âŒNo exchange', 'âŒNo refunds', 'Cash on delivery']",Personal Goods & General Merchandise Stores,True,2769,1329,13,0
46,B5sadiVhLDf,2192243497564942559,"['#shoppingindia', '#shoppingonline', '#buyonline', '#indian', '#India', '#instashopping', '#instaonline', '#instafashion', '#instastore', '#kurti', '', '#kurticollection']",15725226995,1575555811,onlineshopping_piuscollection,34,"['#whatsapp ğŸ“²6290346409', '#freedelivery', '#freeshipping', ' #refund #cod #return', '#Womensfashion #India #womenswear ', ' #wholesaleclothing #wholesale', '#buynow ğŸ‘‡']",Personal Goods & General Merchandise Stores,True,416,55,3,0
47,B5sacpXhSWq,2192243436395242922,"['#jewelrygram', '#women', '#jewellerygifts#jewelryforwomen', '#weddingaccesories', '#weddingjewellery', '#earrings', '#lowestprice', '#shoppingonline', '#shoppingonlinemurah', '#shoppingindia', '#jewelleryindia', '#indianjewelry', '#collegewear', '#trendingjewellery', '#instajewelry']",16245331271,1575555804,jimmikikamal,363,"['Online shopping', 'We deals in latest fashion jewellery pieces ', 'We have unique types', 'DM for details and order', 'âŒNo exchange', 'âŒNo refunds', 'Cash on delivery']",Personal Goods & General Merchandise Stores,True,2769,1329,8,0
48,B5sYnFxlkvd,2192235357999090653,"['#onlineshopping', '#perkymegs', '#anaysa.in', '#fashionIndia', '#shrutiarjunanand', '#shystyles', '#shoppingindia', '#ourgujarat1', '#momcomindia', '#shardhdhakapoor', '#aliabutt', '#saraalikhan', '#realhinakhan', '#poojabenerjee', '#iamejf', '#riinkal', '#divyankatripathiishita', '#benatural', '#msdipika', '#shoaibibrahim', '#Suit', '#dipikapadukone', '#dishavakani', '#suitlover', '#thatglamgirl', '#kajol', '#kasautiizindagiikay2', '#suratfashion', '#surat', '#gujarat']",1089260060,1575554841,ayaz_azzu,362,['ğŸŒ¹We Only Fight With The Ones.. That We Love The MostğŸ’'],Personal Goods & General Merchandise Stores,True,927,493,17,0
49,B5sVZTyHqs3,2192221216828205879,"['Pushkar', 'marketğŸ¤—', 'what', 'are', 'they', 'waiting', 'for?', 'ğŸ¤”ğŸ˜ŠğŸ‡®ğŸ‡³â™¥ï¸']",18106659607,1575553155,followingmari,174,"['ğŸŒ Passionate traveller who wants to inspire you to explore the world \U0001f9edğŸ—½ğŸ–ğŸğŸ•ğŸ›ğŸ', 'â™¥ï¸ open your heart & mind to travel and expand ğŸ¤—']",,False,109,66,19,2
50,B5sUorSBaDk,2192217874805137636,"['#kundannecklace', '#kundanjewellery', '#kundan', '#kundanchoker', '#shoping']",15725226995,1575552757,onlineshopping_piuscollection,34,"['#whatsapp ğŸ“²6290346409', '#freedelivery', '#freeshipping', ' #refund #cod #return', '#Womensfashion #India #womenswear ', ' #wholesaleclothing #wholesale', '#buynow ğŸ‘‡']",Personal Goods & General Merchandise Stores,True,416,55,3,0
51,B5sTYumFlaa,2192212380804863642,['#mug#facemug#cutemug#cookiemug#cookiecups#cups#creative#creativemug#cupworld#ceramiccup#ceramics#ceramicmug#giftsforgf#giftsforbf#giftstoreindia#shippinginindia#indiastore#onlinestoreindia#shoppingindia#quirkyproducts#quirkymugs#flamingotoxic'],6344493590,1575552102,flamingotoxic,232,"['Enter the cutest toxic galaxy. ', 'Dm for order/enquiries/collaboration', 'We deliver across india']",Food & Personal Goods,True,3760,918,80,0
52,B5sRpgLlZME,2192204737465914116,['#fionasshoppe#resellerindia#mumbai#delhi#kolkata#bangalore#Hyderabad#Chennai#kochi#shoppingindia#sale#shopping#fashion#indianwear#wholesale#ethnicwear#delhishopping#mumbaishopping#bangaloreshopping#hyderabadshopping#kolkatashopping#chennaishopping#trustedseller#ethnicsaree#sareelover#partywear'],8621224386,1575551191,fionasshoppe,2151,[''],Personal Goods & General Merchandise Stores,True,33,379,1,0
53,B5sQ9qahX77,2192201724796960507,"['#sareelovers', '#sareelove', '#sarees', '#saree', '#ethnicfashion', '#ethnicwear']",15725226995,1575550831,onlineshopping_piuscollection,34,"['#whatsapp ğŸ“²6290346409', '#freedelivery', '#freeshipping', ' #refund #cod #return', '#Womensfashion #India #womenswear ', ' #wholesaleclothing #wholesale', '#buynow ğŸ‘‡']",Personal Goods & General Merchandise Stores,True,416,55,0,0
54,B5sQ7TgnXow,2192201562764180016,"['#onlineshopping', '#india', '#shoppingindia', '#fashioninspiration']",9190255704,1575550812,fashionnauthenticmakeup,780,"['Creating style statement', 'Make Up-ORIGINAL high end,imported frm US', 'Apparel/Accessories-Non branded,imported on order ', 'Serving frm #indiağŸ‡®ğŸ‡³', 'DM/WhatsApp']",Personal Goods & General Merchandise Stores,True,224,2750,74,0
55,B5sQ0vwlnG3,2192201112060588471,['#fionasshoppe#resellerindia#mumbai#delhi#kolkata#bangalore#Hyderabad#Chennai#kochi#shoppingindia#sale#shopping#fashion#indianwear#wholesale#ethnicwear#delhishopping#mumbaishopping#bangaloreshopping#hyderabadshopping#kolkatashopping#chennaishopping#trustedseller#kurtis#kurtistyle#modernindian'],8621224386,1575550758,fionasshoppe,2151,[''],Personal Goods & General Merchandise Stores,True,33,379,0,0
56,B5sOPlPlOsG,2192189762055760646,"['#onlineshopping', '#perkymegs', '#anaysa.in', '#fashionIndia', '#shrutiarjunanand', '#shystyles', '#shoppingindia', '#ourgujarat1', '#momcomindia', '#shardhdhakapoor', '#aliabutt', '#saraalikhan', '#realhinakhan', '#poojabenerjee', '#iamejf', '#riinkal', '#divyankatripathiishita', '#benatural', '#msdipika', '#shoaibibrahim', '#kajol', '#dipikapadukone', '#dishavakani', '#thatglamgirl', '#hoddie', '#tracksuits', '#winter', '#surat', '#gujarat']",1089260060,1575549405,ayaz_azzu,362,['ğŸŒ¹We Only Fight With The Ones.. That We Love The MostğŸ’'],Personal Goods & General Merchandise Stores,True,927,493,5,0
57,B5sMlGghr3L,2192182444789513675,"['Dm', 'for', 'price', 'â‡ï¸', '#priceless', '#jewellery', '#offer', '#love', '#gift', '#followforfollowback', '#india', '#indianapolis', '#customer', '#rajput', '#rajputiswag', '#banna', '#baisaraj', '#shoppingindia', '#onlineshopping', '#lovetoshop', '#shoptpslay', '#jewellerydesign', '#jewellerylover', '#jhumkalover', '#kundanjhumka', '#jhumkalove', '#kundanjewellery', '#kundannecklace', '#choker', '#chokerstyle', '#jhumkisğŸ’•', '#bangles', '#ringsğŸ’', '#loveyourself']",25621033394,1575548533,nakhrali_jwell,26,"['One destination for your all jewellery needs! ', 'Amazing and superb quality products ğŸ‘Œ', 'â¤ï¸ğŸ’ğŸ’ğŸ‘›ğŸ‘œğŸ‘ ğŸ’„\U0001f97fğŸ“¿â‡ï¸ğŸ’ â¤ï¸']",,False,11,12,1,0
58,B5sMGC1hS7Z,2192180310542986969,"['Dm', 'for', 'price', 'â‡ï¸', '#priceless', '#jewellery', '#offer', '#love', '#gift', '#followforfollowback', '#india', '#indianapolis', '#customer', '#rajput', '#rajputiswag', '#banna', '#baisaraj', '#shoppingindia', '#onlineshopping', '#lovetoshop', '#shoptpslay', '#jewellerydesign', '#jewellerylover', '#jhumkalover', '#kundanjhumka', '#jhumkalove', '#kundanjewellery', '#kundannecklace', '#choker', '#chokerstyle', '#jhumkisğŸ’•', '#bangles', '#ringsğŸ’', '#loveyourself']",25621033394,1575548279,nakhrali_jwell,26,"['One destination for your all jewellery needs! ', 'Amazing and superb quality products ğŸ‘Œ', 'â¤ï¸ğŸ’ğŸ’ğŸ‘›ğŸ‘œğŸ‘ ğŸ’„\U0001f97fğŸ“¿â‡ï¸ğŸ’ â¤ï¸']",,False,11,12,2,0
59,B5sL02kBiGu,2192179129133441454,"['Dm', 'for', 'price', 'â‡ï¸', '#priceless', '#jewellery', '#offer', '#love', '#gift', '#followforfollowback', '#india', '#indianapolis', '#customer', '#rajput', '#rajputiswag', '#banna', '#baisaraj', '#shoppingindia', '#onlineshopping', '#lovetoshop', '#shoptpslay', '#jewellerydesign', '#jewellerylover', '#jhumkalover', '#kundanjhumka', '#jhumkalove', '#kundanjewellery', '#kundannecklace', '#choker', '#chokerstyle', '#jhumkisğŸ’•', '#bangles', '#ringsğŸ’', '#loveyourself']",25621033394,1575548138,nakhrali_jwell,26,"['One destination for your all jewellery needs! ', 'Amazing and superb quality products ğŸ‘Œ', 'â¤ï¸ğŸ’ğŸ’ğŸ‘›ğŸ‘œğŸ‘ ğŸ’„\U0001f97fğŸ“¿â‡ï¸ğŸ’ â¤ï¸']",,False,11,12,2,0
60,B5sLvZ_lZiF,2192178754859931781,['#nightsuit#nightwear#winternights#winternightsuit#cozy#cozynightsuits#cuteclothes#cuteclothing#pinknightsuit#pajamaset#pajamas#cutepajamas#pajamaparty#cutewinteroutfits#girlystuff#quirkystuffs#cuteststuff#indianshoppers#indiannighsuit#shoppingindia#flamingotoxic'],6344493590,1575548093,flamingotoxic,232,"['Enter the cutest toxic galaxy. ', 'Dm for order/enquiries/collaboration', 'We deliver across india']",Food & Personal Goods,True,3760,918,41,0
61,B5sBytrhoyq,2192135001691557034,"['Dm', 'for', 'price', 'â‡ï¸', '#priceless', '#jewellery', '#offer', '#love', '#gift', '#followforfollowback', '#india', '#indianapolis', '#customer', '#rajput', '#rajputiswag', '#banna', '#baisaraj', '#shoppingindia', '#onlineshopping', '#lovetoshop', '#shoptpslay', '#jewellerydesign', '#jewellerylover', '#jhumkalover', '#kundanjhumka', '#jhumkalove', '#kundanjewellery', '#kundannecklace', '#choker', '#chokerstyle', '#jhumkisğŸ’•', '#bangles', '#ringsğŸ’', '#loveyourself']",25621033394,1575542877,nakhrali_jwell,26,"['One destination for your all jewellery needs! ', 'Amazing and superb quality products ğŸ‘Œ', 'â¤ï¸ğŸ’ğŸ’ğŸ‘›ğŸ‘œğŸ‘ ğŸ’„\U0001f97fğŸ“¿â‡ï¸ğŸ’ â¤ï¸']",,False,11,12,1,0
